Your Bright Side,134,Sergey Eybog,Everlasting Summer OST,2013,Instrumental
Everlasting Summer (Openning Edition),89,Sergey Eybog,Everlasting Summer OST,2013,Instrumental
She Is Kind,58,Sergey Eybog,Everlasting Summer OST,2013,Instrumental
Raindrops,136,Sergey Eybog,Everlasting Summer OST,2013,Instrumental
Confession,109,Sergey Eybog,Everlasting Summer OST,2013,Instrumental
It's So Good To Be Careless,109,Sergey Eybog,Everlasting Summer OST,2013,Instrumental
Eat Some Trouble,92,Sergey Eybog,Everlasting Summer OST,2013,Instrumental
"Went Fishing, Caught A Girl",80,Sergey Eybog,Everlasting Summer OST,2013,Instrumental
Mystery Girl,105,Sergey Eybog,Everlasting Summer OST,2013,Instrumental
Feeling Good,86,Sergey Eybog,Everlasting Summer OST,2013,Instrumental
Afterwood,132,Sergey Eybog,Everlasting Summer OST,2013,Instrumental
Everlasting Summer,154,Sergey Eybog,Everlasting Summer OST,2013,Instrumental
A Promise From Distant Days,96,Sergey Eybog,Everlasting Summer OST,2013,Instrumental
Get To Know Me Better,73,Sergey Eybog,Everlasting Summer OST,2013,Instrumental
Two Glasses Of Melancholy,118,Sergey Eybog,Everlasting Summer OST,2013,Instrumental
I Tried To Bring It Back,124,Sergey Eybog,Everlasting Summer OST,2013,Instrumental
Reminiscences,103,Sergey Eybog,Everlasting Summer OST,2013,Instrumental
Take Me Beautifully,106,Sergey Eybog,Everlasting Summer OST,2013,Instrumental
Smooth Machine,136,Sergey Eybog,Everlasting Summer OST,2013,Instrumental
Lightness,64,Sergey Eybog,Everlasting Summer OST,2013,Instrumental
Farewell To The Past,103,Sergey Eybog,Everlasting Summer OST,2013,Instrumental
Waltz Of Doubts,108,Sergey Eybog,Everlasting Summer OST,2013,Instrumental
Meet Me There,147,Sergey Eybog,Everlasting Summer OST,2013,Instrumental
Goodbye Home Shores,110,Sergey Eybog,Everlasting Summer OST,2013,Instrumental
Sweet Darkness,120,Sergey Eybog,Everlasting Summer OST,2013,Instrumental
Forest Maiden,91,Sergey Eybog,Everlasting Summer OST,2013,Instrumental
I Want To Play,96,Sergey Eybog,Everlasting Summer OST,2013,Instrumental
What Do You Think Of Me?,89,Sergey Eybog,Everlasting Summer OST,2013,Instrumental
Miku Song,38,Sergey Eybog,Everlasting Summer OST,2013,Instrumental
Колыбельная,296,Fleur,Все вышло из под контроля,2006,Ethereal-Wave
Печальный клоун,245,Fleur,Все вышло из под контроля,2006,Ethereal-Wave
На краю,190,Fleur,Все вышло из под контроля,2006,Ethereal-Wave
Искупление,208,Fleur,Все вышло из под контроля,2006,Ethereal-Wave
"Ты знаешь, у нас будут дети",104,Fleur,Все вышло из под контроля,2006,Ethereal-Wave
Кто-то,273,Fleur,Все вышло из под контроля,2006,Ethereal-Wave
"Для того, кто умел верить",343,Fleur,Все вышло из под контроля,2006,Ethereal-Wave
Тёплые коты,252,Fleur,Все вышло из под контроля,2006,Ethereal-Wave
"Уходи, февраль",230,Fleur,Все вышло из под контроля,2006,Ethereal-Wave
Никогда,269,Fleur,Все вышло из под контроля,2006,Ethereal-Wave
Когда ты грустишь,202,Fleur,Все вышло из под контроля,2006,Ethereal-Wave
Сегодня,258,Fleur,Все вышло из под контроля,2006,Ethereal-Wave
Будь моим смыслом,321,Fleur,Все вышло из под контроля,2006,Ethereal-Wave
Камень,210,Fleur,Все вышло из под контроля,2006,Ethereal-Wave
Шелкопряд,303,Fleur,Все вышло из под контроля,2006,Ethereal-Wave
Сердце,251,Fleur,Все вышло из под контроля,2006,Ethereal-Wave
Формалин,243,Fleur,Все вышло из под контроля,2006,Ethereal-Wave
Голос,371,Fleur,Все вышло из под контроля,2006,Ethereal-Wave
Неверная жена,245,Fleur,Все вышло из под контроля,2006,Ethereal-Wave
Пепел,283,Fleur,Все вышло из под контроля,2006,Ethereal-Wave
